Restaurant,Delivery_Time
ID_580,45minutes
ID_1959,31minutes
ID_1123,53minutes
ID_1404,31minutes
ID_706,34minutes
ID_1284,30minutes
ID_2262,47minutes
ID_1100,42minutes
ID_2153,35minutes
ID_588,31minutes
ID_542,36minutes
ID_950,33minutes
ID_1239,35minutes
ID_369,36minutes
ID_1834,38minutes
ID_356,30minutes
ID_675,48minutes
ID_479,40minutes
ID_1399,31minutes
ID_2090,44minutes
ID_298,34minutes
ID_1210,47minutes
ID_1755,47minutes
ID_2316,58minutes
ID_1474,30minutes
ID_1881,34minutes
ID_998,30minutes
ID_587,35minutes
ID_1213,33minutes
ID_176,33minutes
ID_2305,37minutes
ID_66,37minutes
ID_788,49minutes
ID_1056,38minutes
ID_2071,35minutes
ID_2141,39minutes
ID_1007,30minutes
ID_813,48minutes
ID_396,107minutes
ID_2079,54minutes
ID_43,37minutes
ID_1028,33minutes
ID_1411,33minutes
ID_731,36minutes
ID_1040,46minutes
ID_1624,31minutes
ID_1751,42minutes
ID_274,30minutes
ID_1225,30minutes
ID_585,38minutes
ID_416,47minutes
ID_1583,39minutes
ID_1851,31minutes
ID_1855,31minutes
ID_923,51minutes
ID_99,34minutes
ID_1587,41minutes
ID_1746,36minutes
ID_304,42minutes
ID_1520,38minutes
ID_956,47minutes
ID_1518,33minutes
ID_1950,30minutes
ID_569,49minutes
ID_225,38minutes
ID_1525,38minutes
ID_1955,30minutes
ID_1199,30minutes
ID_489,50minutes
ID_2013,46minutes
ID_1179,33minutes
ID_1648,36minutes
ID_1009,35minutes
ID_1561,30minutes
ID_992,33minutes
ID_1588,38minutes
ID_1250,48minutes
ID_2234,37minutes
ID_1056,45minutes
ID_1634,33minutes
ID_1269,59minutes
ID_898,39minutes
ID_338,48minutes
ID_1173,40minutes
ID_1293,33minutes
ID_799,31minutes
ID_1229,42minutes
ID_2064,30minutes
ID_2030,41minutes
ID_1567,30minutes
ID_1083,30minutes
ID_1432,31minutes
ID_612,46minutes
ID_1872,30minutes
ID_1924,39minutes
ID_1295,47minutes
ID_2061,33minutes
ID_1124,51minutes
ID_237,30minutes
ID_852,30minutes
ID_1180,33minutes
ID_1230,30minutes
ID_1462,43minutes
ID_271,31minutes
ID_1058,30minutes
ID_1049,30minutes
ID_2172,35minutes
ID_798,31minutes
ID_1942,35minutes
ID_911,53minutes
ID_1589,42minutes
ID_2023,30minutes
ID_2255,35minutes
ID_23,33minutes
ID_1300,30minutes
ID_1761,30minutes
ID_420,30minutes
ID_1114,43minutes
ID_515,31minutes
ID_1485,78minutes
ID_821,49minutes
ID_983,30minutes
ID_5,33minutes
ID_2343,46minutes
ID_608,33minutes
ID_970,33minutes
ID_1839,33minutes
ID_275,30minutes
ID_1042,45minutes
ID_1065,30minutes
ID_1580,38minutes
ID_925,35minutes
ID_568,67minutes
ID_1129,56minutes
ID_732,37minutes
ID_1136,33minutes
ID_826,55minutes
ID_385,34minutes
ID_1436,41minutes
ID_174,30minutes
ID_559,33minutes
ID_1783,31minutes
ID_365,30minutes
ID_677,31minutes
ID_2335,42minutes
ID_1955,38minutes
ID_2293,43minutes
ID_288,31minutes
ID_2318,42minutes
ID_1503,31minutes
ID_1915,35minutes
ID_1145,55minutes
ID_136,33minutes
ID_1029,49minutes
ID_2366,43minutes
ID_2075,35minutes
ID_2297,43minutes
ID_101,31minutes
ID_1859,40minutes
ID_2230,37minutes
ID_931,31minutes
ID_1109,51minutes
ID_492,49minutes
ID_170,46minutes
ID_1560,41minutes
ID_1008,41minutes
ID_2001,31minutes
ID_993,33minutes
ID_1742,30minutes
ID_2043,39minutes
ID_2297,31minutes
ID_1923,31minutes
ID_1612,30minutes
ID_1391,33minutes
ID_1585,31minutes
ID_1453,31minutes
ID_965,30minutes
ID_728,39minutes
ID_1149,30minutes
ID_2068,31minutes
ID_1922,39minutes
ID_1385,30minutes
ID_702,46minutes
ID_1172,32minutes
ID_457,34minutes
ID_1808,31minutes
ID_1604,52minutes
ID_1089,49minutes
ID_1763,43minutes
ID_2303,35minutes
ID_60,48minutes
ID_1688,34minutes
ID_1693,31minutes
ID_748,30minutes
ID_777,36minutes
ID_2251,31minutes
ID_1273,42minutes
ID_178,41minutes
ID_1846,54minutes
ID_1306,37minutes
ID_407,44minutes
ID_1331,30minutes
ID_2085,30minutes
ID_1102,30minutes
ID_1616,31minutes
ID_1785,48minutes
ID_151,30minutes
ID_1134,44minutes
ID_2371,39minutes
ID_525,43minutes
ID_1378,46minutes
ID_2111,35minutes
ID_2068,31minutes
ID_1126,33minutes
ID_1271,38minutes
ID_915,41minutes
ID_1866,34minutes
ID_1471,43minutes
ID_1296,33minutes
ID_1216,55minutes
ID_537,33minutes
ID_144,33minutes
ID_1397,61minutes
ID_1007,53minutes
ID_2094,41minutes
ID_1135,40minutes
ID_990,47minutes
ID_293,40minutes
ID_333,101minutes
ID_662,45minutes
ID_137,30minutes
ID_456,41minutes
ID_123,31minutes
ID_1913,47minutes
ID_555,36minutes
ID_50,31minutes
ID_1472,49minutes
ID_1619,36minutes
ID_459,30minutes
ID_1853,35minutes
ID_2017,35minutes
ID_540,36minutes
ID_2274,35minutes
ID_2191,30minutes
ID_1620,43minutes
ID_118,36minutes
ID_1439,36minutes
ID_511,33minutes
ID_1364,43minutes
ID_1710,31minutes
ID_1147,33minutes
ID_640,33minutes
ID_2212,62minutes
ID_850,51minutes
ID_2333,30minutes
ID_763,31minutes
ID_179,48minutes
ID_1618,36minutes
ID_328,47minutes
ID_747,29minutes
ID_645,35minutes
ID_1415,30minutes
ID_1771,33minutes
ID_1900,31minutes
ID_625,41minutes
ID_1744,53minutes
ID_358,31minutes
ID_1377,30minutes
ID_1563,36minutes
ID_2014,31minutes
ID_1454,47minutes
ID_438,34minutes
ID_1660,35minutes
ID_972,31minutes
ID_1423,33minutes
ID_1108,30minutes
ID_1173,33minutes
ID_70,34minutes
ID_1414,34minutes
ID_1978,33minutes
ID_2099,43minutes
ID_310,30minutes
ID_70,39minutes
ID_751,39minutes
ID_2150,56minutes
ID_49,33minutes
ID_2087,33minutes
ID_2350,48minutes
ID_96,87minutes
ID_1212,42minutes
ID_2161,41minutes
ID_406,37minutes
ID_294,36minutes
ID_1134,38minutes
ID_2134,36minutes
ID_1999,37minutes
ID_2082,31minutes
ID_2187,30minutes
ID_480,40minutes
ID_1807,35minutes
ID_1106,40minutes
ID_927,33minutes
ID_2368,49minutes
ID_258,44minutes
ID_1995,31minutes
ID_1895,42minutes
ID_1965,30minutes
ID_2395,30minutes
ID_2063,42minutes
ID_1575,38minutes
ID_1857,31minutes
ID_562,33minutes
ID_27,33minutes
ID_1503,35minutes
ID_1608,49minutes
ID_2146,35minutes
ID_1363,41minutes
ID_480,38minutes
ID_68,31minutes
ID_1162,45minutes
ID_719,50minutes
ID_1863,31minutes
ID_8,33minutes
ID_1540,39minutes
ID_2216,35minutes
ID_384,30minutes
ID_1500,30minutes
ID_912,33minutes
ID_466,35minutes
ID_1291,30minutes
ID_1051,42minutes
ID_746,43minutes
ID_2142,38minutes
ID_86,31minutes
ID_41,56minutes
ID_1981,31minutes
ID_322,33minutes
ID_816,48minutes
ID_630,41minutes
ID_1221,30minutes
ID_1139,36minutes
ID_209,36minutes
ID_2365,30minutes
ID_1068,33minutes
ID_1973,44minutes
ID_797,30minutes
ID_654,33minutes
ID_26,37minutes
ID_1921,41minutes
ID_1850,43minutes
ID_2188,36minutes
ID_124,38minutes
ID_267,38minutes
ID_1745,39minutes
ID_736,42minutes
ID_889,31minutes
ID_628,40minutes
ID_883,36minutes
ID_530,40minutes
ID_1376,30minutes
ID_460,46minutes
ID_550,52minutes
ID_685,36minutes
ID_2345,38minutes
ID_1183,41minutes
ID_897,49minutes
ID_97,33minutes
ID_1862,34minutes
ID_477,35minutes
ID_2326,31minutes
ID_394,36minutes
ID_1485,53minutes
ID_2024,48minutes
ID_2159,44minutes
ID_387,34minutes
ID_2221,37minutes
ID_1906,36minutes
ID_655,41minutes
ID_624,30minutes
ID_127,31minutes
ID_194,46minutes
ID_974,33minutes
ID_429,43minutes
ID_173,31minutes
ID_2369,39minutes
ID_1757,34minutes
ID_1939,35minutes
ID_611,41minutes
ID_109,33minutes
ID_2351,38minutes
ID_32,37minutes
ID_1582,31minutes
ID_1066,48minutes
ID_1529,39minutes
ID_1488,50minutes
ID_317,46minutes
ID_1156,42minutes
ID_1756,31minutes
ID_297,41minutes
ID_299,45minutes
ID_18,30minutes
ID_912,37minutes
ID_1559,40minutes
ID_9,51minutes
ID_1865,31minutes
ID_2113,36minutes
ID_851,34minutes
ID_1080,41minutes
ID_2222,30minutes
ID_1072,42minutes
ID_694,41minutes
ID_2126,31minutes
ID_2076,44minutes
ID_775,36minutes
ID_841,30minutes
ID_1508,34minutes
ID_1620,43minutes
ID_291,52minutes
ID_868,52minutes
ID_115,57minutes
ID_2053,49minutes
ID_863,30minutes
ID_1781,38minutes
ID_1063,38minutes
ID_818,50minutes
ID_575,34minutes
ID_434,38minutes
ID_2100,30minutes
ID_494,44minutes
ID_2356,40minutes
ID_2157,31minutes
ID_1522,40minutes
ID_789,45minutes
ID_844,33minutes
ID_2341,33minutes
ID_375,40minutes
ID_1511,31minutes
ID_463,34minutes
ID_1758,38minutes
ID_1361,35minutes
ID_848,37minutes
ID_1555,42minutes
ID_576,38minutes
ID_589,31minutes
ID_2094,33minutes
ID_2132,58minutes
ID_865,40minutes
ID_583,39minutes
ID_897,47minutes
ID_937,33minutes
ID_2370,31minutes
ID_2248,45minutes
ID_1890,37minutes
ID_900,31minutes
ID_152,34minutes
ID_1867,40minutes
ID_2135,31minutes
ID_101,33minutes
ID_1481,34minutes
ID_220,43minutes
ID_2313,31minutes
ID_22,34minutes
ID_946,51minutes
ID_538,33minutes
ID_185,54minutes
ID_1198,30minutes
ID_292,30minutes
ID_161,39minutes
ID_1880,31minutes
ID_2140,30minutes
ID_1727,53minutes
ID_1914,52minutes
ID_1889,44minutes
ID_1275,44minutes
ID_2325,31minutes
ID_381,33minutes
ID_271,46minutes
ID_1946,44minutes
ID_1762,35minutes
ID_2183,44minutes
ID_647,37minutes
ID_2357,47minutes
ID_364,30minutes
ID_1204,39minutes
ID_1836,36minutes
ID_168,33minutes
ID_475,30minutes
ID_1325,34minutes
ID_2107,30minutes
ID_554,33minutes
ID_1766,31minutes
ID_644,33minutes
ID_570,45minutes
ID_2376,30minutes
ID_1248,47minutes
ID_142,33minutes
ID_749,34minutes
ID_1729,46minutes
ID_974,37minutes
ID_1569,39minutes
ID_1344,33minutes
ID_953,30minutes
ID_760,40minutes
ID_1535,30minutes
ID_1115,33minutes
ID_439,36minutes
ID_1365,30minutes
ID_1077,31minutes
ID_510,55minutes
ID_1831,42minutes
ID_2097,44minutes
ID_283,30minutes
ID_737,30minutes
ID_1586,44minutes
ID_1313,47minutes
ID_1193,33minutes
ID_2017,38minutes
ID_1684,31minutes
ID_10,43minutes
ID_2167,30minutes
ID_1005,41minutes
ID_305,36minutes
ID_203,46minutes
ID_106,36minutes
ID_968,33minutes
ID_1869,36minutes
ID_472,36minutes
ID_1107,33minutes
ID_1924,42minutes
ID_1452,30minutes
ID_355,31minutes
ID_83,30minutes
ID_870,37minutes
ID_1803,36minutes
ID_134,33minutes
ID_2060,48minutes
ID_1092,30minutes
ID_2213,37minutes
ID_2224,38minutes
ID_890,44minutes
ID_1849,31minutes
ID_1207,31minutes
ID_311,40minutes
ID_216,34minutes
ID_1023,40minutes
ID_2010,31minutes
ID_648,33minutes
ID_1654,57minutes
ID_2381,39minutes
ID_2321,28minutes
ID_370,34minutes
ID_499,35minutes
ID_2341,35minutes
ID_1877,33minutes
ID_2050,44minutes
ID_75,42minutes
ID_2203,33minutes
ID_2125,34minutes
ID_1676,45minutes
ID_556,43minutes
ID_1932,37minutes
ID_1359,39minutes
ID_1021,46minutes
ID_159,41minutes
ID_1185,49minutes
ID_671,31minutes
ID_462,33minutes
ID_1164,30minutes
ID_447,33minutes
ID_486,36minutes
ID_1919,30minutes
ID_560,44minutes
ID_171,42minutes
ID_935,36minutes
ID_867,31minutes
ID_2250,37minutes
ID_1349,31minutes
ID_594,47minutes
ID_587,36minutes
ID_278,31minutes
ID_1205,43minutes
ID_348,31minutes
ID_2049,54minutes
ID_1212,40minutes
ID_1876,38minutes
ID_298,34minutes
ID_1627,34minutes
ID_2272,35minutes
ID_858,44minutes
ID_1844,36minutes
ID_1004,36minutes
ID_244,33minutes
ID_1262,30minutes
ID_1484,41minutes
ID_478,33minutes
ID_1101,30minutes
ID_1836,30minutes
ID_425,53minutes
ID_1680,30minutes
ID_192,34minutes
ID_2121,35minutes
ID_1278,40minutes
ID_393,40minutes
ID_1850,38minutes
ID_1910,36minutes
ID_699,43minutes
ID_874,40minutes
ID_1754,34minutes
ID_59,33minutes
ID_1315,30minutes
ID_925,36minutes
ID_1936,31minutes
ID_263,33minutes
ID_1050,41minutes
ID_1840,47minutes
ID_480,39minutes
ID_519,33minutes
ID_619,33minutes
ID_567,34minutes
ID_257,58minutes
ID_2327,34minutes
ID_395,42minutes
ID_187,42minutes
ID_941,49minutes
ID_809,42minutes
ID_2193,59minutes
ID_1635,48minutes
ID_2024,46minutes
ID_2373,30minutes
ID_997,30minutes
ID_442,37minutes
ID_218,42minutes
ID_1016,30minutes
ID_2089,42minutes
ID_1553,49minutes
ID_1209,30minutes
ID_1203,36minutes
ID_497,62minutes
ID_1140,49minutes
ID_1171,31minutes
ID_1769,36minutes
ID_1510,39minutes
ID_539,33minutes
ID_725,38minutes
ID_65,36minutes
ID_2008,36minutes
ID_1970,35minutes
ID_128,40minutes
ID_122,31minutes
ID_2207,31minutes
ID_1033,46minutes
ID_2396,34minutes
ID_2375,30minutes
ID_2092,30minutes
ID_1622,38minutes
ID_1909,35minutes
ID_2124,31minutes
ID_1572,31minutes
ID_1447,53minutes
ID_994,37minutes
ID_917,51minutes
ID_892,37minutes
ID_158,49minutes
ID_2278,47minutes
ID_70,36minutes
ID_1911,35minutes
ID_1079,34minutes
ID_1721,35minutes
ID_1999,34minutes
ID_2091,40minutes
ID_1868,30minutes
ID_1679,35minutes
ID_1473,43minutes
ID_423,36minutes
ID_1047,42minutes
ID_1930,40minutes
ID_1770,31minutes
ID_913,44minutes
ID_357,33minutes
ID_54,57minutes
ID_1167,33minutes
ID_2045,30minutes
ID_1225,33minutes
ID_2209,45minutes
ID_1355,31minutes
ID_1151,52minutes
ID_828,30minutes
ID_1464,36minutes
ID_532,34minutes
ID_547,43minutes
ID_56,48minutes
ID_386,33minutes
ID_1566,30minutes
ID_415,44minutes
ID_1726,31minutes
ID_2105,33minutes
ID_1360,33minutes
ID_968,31minutes
ID_1302,33minutes
ID_1816,33minutes
ID_2329,31minutes
ID_933,59minutes
ID_1039,30minutes
ID_1340,46minutes
ID_722,46minutes
ID_2154,36minutes
ID_577,31minutes
ID_90,36minutes
ID_461,41minutes
ID_761,31minutes
ID_1038,42minutes
ID_1309,35minutes
ID_1069,42minutes
ID_1134,48minutes
ID_17,52minutes
ID_1619,37minutes
ID_846,31minutes
ID_1594,34minutes
ID_1581,38minutes
ID_2058,30minutes
ID_2296,42minutes
ID_383,36minutes
ID_113,33minutes
ID_1013,37minutes
ID_768,30minutes
ID_188,33minutes
ID_1810,49minutes
ID_2158,31minutes
ID_1225,30minutes
ID_1920,40minutes
ID_1736,46minutes
ID_215,30minutes
ID_1650,30minutes
ID_1637,33minutes
ID_1222,30minutes
ID_1159,30minutes
ID_1573,31minutes
ID_1564,36minutes
ID_102,40minutes
ID_1663,31minutes
ID_6,44minutes
ID_2177,30minutes
ID_276,36minutes
ID_1792,30minutes
ID_1096,33minutes
ID_811,31minutes
ID_2117,31minutes
ID_2264,31minutes
ID_45,40minutes
ID_189,38minutes
ID_1246,50minutes
ID_521,37minutes
ID_1878,31minutes
ID_1984,31minutes
ID_1986,31minutes
ID_629,31minutes
ID_2249,31minutes
ID_1552,31minutes
ID_961,37minutes
ID_2037,44minutes
ID_1071,45minutes
ID_783,36minutes
ID_602,34minutes
ID_219,37minutes
ID_564,41minutes
ID_2360,30minutes
ID_2281,39minutes
ID_254,42minutes
ID_199,46minutes
ID_1798,40minutes
ID_902,45minutes
ID_478,33minutes
ID_1366,40minutes
ID_661,53minutes
ID_1041,45minutes
ID_234,33minutes
ID_683,33minutes
ID_1493,31minutes
ID_1748,43minutes
ID_2266,45minutes
ID_770,45minutes
ID_1628,33minutes
ID_1721,51minutes
ID_1424,39minutes
ID_2071,41minutes
ID_1988,34minutes
ID_1167,31minutes
ID_1689,42minutes
ID_1420,43minutes
ID_57,41minutes
ID_2059,31minutes
ID_1062,30minutes
ID_264,39minutes
ID_2088,31minutes
ID_70,41minutes
ID_1338,33minutes
ID_484,31minutes
ID_307,40minutes
ID_513,33minutes
ID_767,36minutes
ID_1466,43minutes
ID_1241,30minutes
ID_1000,40minutes
ID_1820,49minutes
ID_179,44minutes
ID_1703,30minutes
ID_140,49minutes
ID_1354,40minutes
ID_1077,30minutes
ID_1285,34minutes
ID_1699,30minutes
ID_1732,37minutes
ID_327,37minutes
ID_1449,30minutes
ID_2108,31minutes
ID_1073,30minutes
ID_367,33minutes
ID_2200,33minutes
ID_111,31minutes
ID_1237,34minutes
ID_2168,49minutes
ID_880,42minutes
ID_1234,43minutes
ID_1641,31minutes
ID_217,30minutes
ID_785,38minutes
ID_717,39minutes
ID_3,45minutes
ID_28,41minutes
ID_1676,41minutes
ID_363,30minutes
ID_46,30minutes
ID_100,41minutes
ID_1070,41minutes
ID_356,50minutes
ID_2109,31minutes
ID_1870,34minutes
ID_332,48minutes
ID_1653,43minutes
ID_649,43minutes
ID_2016,43minutes
ID_382,30minutes
ID_41,46minutes
ID_1677,37minutes
ID_734,36minutes
ID_1907,37minutes
ID_1683,38minutes
ID_806,30minutes
ID_1908,40minutes
ID_1692,37minutes
ID_424,42minutes
ID_1873,42minutes
ID_1208,42minutes
ID_609,30minutes
ID_1941,38minutes
ID_939,40minutes
ID_1759,36minutes
ID_2156,33minutes
ID_963,39minutes
ID_261,39minutes
ID_166,36minutes
ID_1977,43minutes
ID_196,40minutes
ID_273,31minutes
ID_1375,30minutes
ID_2377,49minutes
ID_805,31minutes
ID_1646,30minutes
ID_2315,42minutes
ID_348,33minutes
ID_615,34minutes
ID_2301,52minutes
ID_1645,36minutes
ID_1022,30minutes
ID_1642,39minutes
ID_822,31minutes
ID_1417,36minutes
ID_1707,44minutes
ID_1562,34minutes
ID_464,33minutes
ID_153,59minutes
ID_1386,33minutes
ID_831,33minutes
ID_325,42minutes
ID_783,49minutes
ID_686,34minutes
ID_901,38minutes
ID_1235,30minutes
ID_1976,43minutes
ID_1456,33minutes
ID_1243,38minutes
ID_2062,36minutes
ID_1341,38minutes
ID_536,40minutes
ID_1442,37minutes
ID_825,31minutes
ID_2019,34minutes
ID_2176,45minutes
ID_664,30minutes
ID_640,35minutes
ID_1998,38minutes
ID_55,43minutes
ID_1693,31minutes
ID_1601,45minutes
ID_1669,30minutes
ID_211,41minutes
ID_1551,35minutes
ID_2327,36minutes
ID_969,44minutes
ID_1469,45minutes
ID_432,44minutes
ID_1593,45minutes
ID_1409,44minutes
ID_507,36minutes
ID_1244,30minutes
ID_2083,36minutes
ID_2009,36minutes
ID_2046,30minutes
ID_418,44minutes
ID_922,51minutes
ID_1952,37minutes
ID_2047,30minutes
ID_391,38minutes
ID_2066,35minutes
ID_1931,31minutes
ID_119,42minutes
ID_2327,44minutes
ID_1403,38minutes
ID_1536,46minutes
ID_1599,34minutes
ID_1610,30minutes
ID_884,39minutes
ID_1709,34minutes
ID_1433,46minutes
ID_1288,35minutes
ID_2396,32minutes
ID_2246,31minutes
ID_362,33minutes
ID_1607,37minutes
ID_1392,47minutes
ID_845,31minutes
ID_1206,36minutes
ID_1532,36minutes
ID_1505,35minutes
ID_344,63minutes
ID_1883,31minutes
ID_1020,48minutes
ID_1590,31minutes
ID_1691,31minutes
ID_1367,44minutes
ID_949,30minutes
ID_1044,33minutes
ID_1968,47minutes
ID_1716,31minutes
ID_1402,30minutes
ID_996,30minutes
ID_847,38minutes
ID_2010,31minutes
ID_842,31minutes
ID_1940,41minutes
ID_2022,29minutes
ID_1372,44minutes
ID_1383,31minutes
ID_1519,34minutes
ID_1947,31minutes
ID_1871,35minutes
ID_2005,35minutes
ID_2194,44minutes
ID_320,37minutes
ID_1850,33minutes
ID_541,51minutes
ID_495,31minutes
ID_975,45minutes
ID_445,62minutes
ID_2164,35minutes
ID_934,45minutes
ID_2334,44minutes
ID_236,48minutes
ID_1888,44minutes
ID_1105,43minutes
ID_242,44minutes
ID_535,31minutes
ID_1882,35minutes
ID_70,33minutes
ID_2065,38minutes
ID_2067,36minutes
ID_906,36minutes
ID_417,33minutes
ID_2314,57minutes
ID_1545,31minutes
ID_621,30minutes
ID_1223,30minutes
ID_1377,30minutes
ID_2311,34minutes
ID_1326,30minutes
ID_1322,34minutes
ID_1344,38minutes
ID_1574,43minutes
ID_1870,36minutes
ID_634,34minutes
ID_755,39minutes
ID_2104,30minutes
ID_1168,43minutes
ID_2181,31minutes
ID_70,31minutes
ID_1639,31minutes
ID_1036,44minutes
ID_131,30minutes
ID_1494,35minutes
ID_1363,33minutes
ID_251,30minutes
ID_967,45minutes
ID_989,36minutes
ID_402,42minutes
ID_290,33minutes
ID_544,33minutes
ID_2199,33minutes
ID_730,39minutes
ID_1327,33minutes
ID_2336,30minutes
ID_1387,37minutes
ID_1893,35minutes
ID_524,45minutes
ID_930,34minutes
ID_1225,35minutes
ID_1636,33minutes
ID_505,33minutes
ID_1605,43minutes
ID_1191,38minutes
ID_1028,35minutes
ID_691,40minutes
ID_812,38minutes
ID_1301,43minutes
ID_794,37minutes
ID_1371,37minutes
ID_558,34minutes
ID_517,30minutes
ID_48,40minutes
ID_2372,33minutes
ID_2232,49minutes
ID_566,43minutes
ID_63,42minutes
ID_814,43minutes
ID_2136,37minutes
ID_2170,42minutes
ID_2308,49minutes
ID_1749,51minutes
ID_273,31minutes
ID_1887,36minutes
ID_1565,35minutes
ID_688,44minutes
ID_1176,30minutes
ID_1937,31minutes
ID_248,49minutes
ID_1429,39minutes
ID_1975,35minutes
ID_1052,30minutes
ID_1045,40minutes
ID_500,46minutes
ID_1740,39minutes
ID_1784,37minutes
ID_1603,45minutes
ID_2238,36minutes
ID_1695,30minutes
ID_1169,41minutes
ID_1173,36minutes
ID_1668,36minutes
ID_2184,42minutes
ID_1515,35minutes
ID_1325,30minutes
ID_51,33minutes
ID_1131,49minutes
ID_596,36minutes
ID_2189,33minutes
ID_1979,30minutes
ID_791,37minutes
ID_334,41minutes
ID_1061,30minutes
ID_908,30minutes
ID_1182,33minutes
ID_1600,42minutes
ID_872,39minutes
ID_1037,54minutes
ID_519,30minutes
ID_2269,31minutes
ID_1262,30minutes
ID_905,49minutes
ID_1142,40minutes
ID_522,38minutes
ID_2314,49minutes
ID_1416,43minutes
ID_1675,38minutes
ID_2031,31minutes
ID_1421,31minutes
ID_903,37minutes
ID_2307,31minutes
ID_1645,55minutes
ID_982,31minutes
ID_612,47minutes
ID_2036,36minutes
ID_1787,33minutes
ID_2018,41minutes
ID_1419,54minutes
ID_2346,34minutes
ID_2256,40minutes
ID_1257,47minutes
ID_1989,33minutes
ID_2314,47minutes
ID_428,41minutes
ID_833,36minutes
ID_843,42minutes
ID_497,53minutes
ID_764,31minutes
ID_506,40minutes
ID_1314,52minutes
ID_2115,38minutes
ID_695,51minutes
ID_1809,36minutes
ID_1835,31minutes
ID_740,33minutes
ID_6,54minutes
ID_1165,35minutes
ID_2309,31minutes
ID_2268,33minutes
ID_2399,45minutes
ID_1827,31minutes
ID_1118,38minutes
ID_1833,30minutes
ID_2160,38minutes
ID_1861,33minutes
ID_1753,39minutes
ID_820,33minutes
ID_692,39minutes
ID_414,37minutes
ID_1739,43minutes
ID_718,35minutes
ID_667,46minutes
ID_2321,35minutes
ID_1279,37minutes
ID_485,33minutes
ID_738,31minutes
ID_551,49minutes
ID_315,33minutes
ID_2289,36minutes
ID_193,47minutes
ID_1657,31minutes
ID_2354,35minutes
ID_1466,45minutes
ID_765,31minutes
ID_1112,53minutes
ID_1775,31minutes
ID_77,51minutes
ID_762,43minutes
ID_29,40minutes
ID_1542,42minutes
ID_2078,59minutes
ID_456,31minutes
ID_2062,57minutes
ID_265,37minutes
ID_2327,31minutes
ID_1752,38minutes
ID_1892,30minutes
ID_1993,30minutes
ID_1170,34minutes
ID_2397,33minutes
ID_1254,45minutes
ID_2011,44minutes
ID_1704,31minutes
ID_1249,30minutes
ID_784,36minutes
ID_2323,36minutes
ID_1670,30minutes
ID_1109,49minutes
ID_780,38minutes
ID_613,37minutes
ID_1915,34minutes
ID_1369,33minutes
ID_739,30minutes
ID_1232,30minutes
ID_1554,39minutes
ID_1137,30minutes
ID_1311,33minutes
ID_1958,44minutes
ID_2313,31minutes
ID_637,30minutes
ID_1767,42minutes
ID_1782,54minutes
ID_1,47minutes
ID_673,33minutes
ID_412,75minutes
ID_1671,30minutes
ID_1187,40minutes
ID_253,38minutes
ID_281,30minutes
ID_1819,44minutes
ID_311,33minutes
ID_977,36minutes
ID_993,47minutes
ID_1218,44minutes
ID_1324,42minutes
ID_2114,30minutes
ID_496,36minutes
ID_132,33minutes
ID_2363,44minutes
ID_108,31minutes
ID_1805,37minutes
ID_1277,34minutes
ID_880,39minutes
ID_817,46minutes
ID_13,44minutes
ID_1116,45minutes
ID_1516,34minutes
ID_1544,31minutes
ID_1283,46minutes
ID_1117,58minutes
ID_2192,38minutes
ID_2044,35minutes
ID_2267,34minutes
ID_2235,70minutes
ID_1014,35minutes
ID_6,33minutes
ID_1496,30minutes
ID_114,50minutes
ID_1389,48minutes
ID_2000,33minutes
ID_1649,43minutes
ID_881,37minutes
ID_107,34minutes
ID_1606,43minutes
ID_1048,35minutes
ID_2049,49minutes
ID_1119,43minutes
ID_1292,57minutes
ID_400,36minutes
ID_1080,43minutes
ID_1339,33minutes
ID_1210,49minutes
ID_1174,36minutes
ID_2243,30minutes
ID_1984,30minutes
ID_316,30minutes
ID_1351,33minutes
ID_1435,37minutes
ID_1158,35minutes
ID_421,45minutes
ID_1485,52minutes
ID_2253,31minutes
ID_1177,31minutes
ID_339,39minutes
ID_419,59minutes
ID_2374,30minutes
ID_2094,39minutes
ID_17,47minutes
ID_1531,31minutes
ID_2127,33minutes
ID_2169,30minutes
ID_287,50minutes
ID_600,47minutes
ID_1422,33minutes
ID_1942,31minutes
ID_1930,47minutes
ID_148,31minutes
ID_1398,30minutes
ID_1549,31minutes
ID_1458,44minutes
ID_2285,31minutes
ID_799,33minutes
ID_295,29minutes
ID_1263,37minutes
ID_240,51minutes
ID_1262,30minutes
ID_1332,30minutes
ID_2392,42minutes
ID_1476,47minutes
ID_2314,57minutes
ID_429,45minutes
ID_920,31minutes
ID_729,37minutes
ID_366,42minutes
ID_708,46minutes
ID_1445,30minutes
ID_1337,31minutes
ID_1794,35minutes
ID_2391,31minutes
ID_597,61minutes
ID_154,31minutes
ID_1962,38minutes
ID_2361,34minutes
ID_743,30minutes
ID_2337,31minutes
ID_2039,30minutes
ID_2214,43minutes
ID_1994,31minutes
ID_2139,35minutes
ID_940,40minutes
ID_623,33minutes
ID_1299,30minutes
ID_449,37minutes
ID_698,61minutes
ID_1292,37minutes
ID_744,31minutes
ID_469,34minutes
ID_191,30minutes
ID_1577,30minutes
ID_41,43minutes
ID_42,31minutes
ID_2319,45minutes
ID_2328,37minutes
ID_1623,36minutes
ID_2034,31minutes
ID_1078,30minutes
ID_534,33minutes
ID_2252,49minutes
ID_120,31minutes
ID_38,40minutes
ID_343,40minutes
ID_513,31minutes
ID_1313,49minutes
ID_269,40minutes
ID_1625,51minutes
ID_958,31minutes
ID_859,30minutes
ID_1796,37minutes
ID_468,34minutes
ID_787,41minutes
ID_169,48minutes
ID_565,31minutes
ID_1120,33minutes
ID_801,43minutes
ID_593,42minutes
ID_1181,34minutes
ID_1802,52minutes
ID_1927,32minutes
ID_2343,43minutes
ID_1904,37minutes
ID_229,33minutes
ID_1541,31minutes
ID_2242,47minutes
ID_270,34minutes
ID_1172,35minutes
ID_1191,48minutes
ID_353,45minutes
ID_1178,55minutes
ID_1874,33minutes
ID_126,41minutes
ID_2190,36minutes
ID_1276,51minutes
ID_1956,33minutes
ID_1960,30minutes
ID_2155,29minutes
ID_1282,31minutes
ID_754,30minutes
ID_726,38minutes
ID_1437,38minutes
ID_1280,43minutes
ID_1521,46minutes
ID_1512,31minutes
ID_1346,30minutes
ID_1328,30minutes
ID_1455,43minutes
ID_1730,42minutes
ID_686,38minutes
ID_700,33minutes
ID_2273,40minutes
ID_171,42minutes
ID_519,33minutes
ID_1706,38minutes
ID_1949,38minutes
ID_2106,30minutes
ID_1155,30minutes
ID_600,30minutes
ID_700,33minutes
ID_1178,61minutes
ID_1095,33minutes
ID_658,65minutes
ID_1738,30minutes
ID_1103,51minutes
ID_1217,31minutes
ID_1479,30minutes
ID_650,41minutes
ID_2074,30minutes
ID_2035,43minutes
ID_1132,30minutes
ID_1524,49minutes
ID_1127,33minutes
ID_1495,31minutes
ID_1918,30minutes
ID_435,33minutes
ID_139,34minutes
ID_41,36minutes
ID_2237,33minutes
ID_1897,30minutes
ID_1909,33minutes
ID_2089,34minutes
ID_962,30minutes
ID_1534,46minutes
ID_2306,40minutes
ID_2261,33minutes
ID_248,49minutes
ID_918,31minutes
ID_1689,44minutes
ID_151,30minutes
ID_529,33minutes
ID_324,31minutes
ID_93,57minutes
ID_2166,44minutes
ID_1896,30minutes
ID_1682,31minutes
ID_1854,36minutes
ID_1812,36minutes
ID_1652,30minutes
ID_668,39minutes
ID_2206,40minutes
ID_188,44minutes
ID_1358,38minutes
ID_1614,30minutes
ID_163,45minutes
ID_850,51minutes
ID_1638,35minutes
ID_1806,35minutes
ID_2024,48minutes
ID_1685,30minutes
ID_35,30minutes
ID_1057,30minutes
ID_2186,36minutes
ID_217,33minutes
ID_617,37minutes
ID_2293,30minutes
ID_1188,40minutes
ID_1388,45minutes
ID_1542,41minutes
ID_1795,34minutes
ID_642,45minutes
ID_854,31minutes
ID_83,30minutes
ID_771,30minutes
ID_2007,38minutes
ID_2138,34minutes
ID_268,31minutes
ID_146,44minutes
ID_2080,30minutes
ID_1895,33minutes
ID_1256,30minutes
ID_239,34minutes
ID_1592,36minutes
ID_2277,40minutes
ID_1163,35minutes
ID_53,38minutes
ID_607,49minutes
ID_1233,30minutes
ID_810,37minutes
ID_2064,31minutes
ID_792,60minutes
ID_336,38minutes
ID_639,39minutes
ID_1733,38minutes
ID_1444,33minutes
ID_1219,52minutes
ID_161,49minutes
ID_1489,30minutes
ID_2225,48minutes
ID_2282,52minutes
ID_2122,37minutes
ID_351,31minutes
ID_779,30minutes
ID_1837,30minutes
ID_78,37minutes
ID_653,33minutes
ID_1765,31minutes
ID_2340,42minutes
ID_601,49minutes
ID_656,46minutes
ID_1696,49minutes
ID_2041,41minutes
ID_616,31minutes
ID_61,34minutes
ID_444,38minutes
ID_450,36minutes
ID_1898,36minutes
ID_2164,35minutes
ID_1774,36minutes
ID_528,36minutes
ID_1842,62minutes
ID_824,38minutes
ID_1666,44minutes
ID_716,65minutes
ID_1708,41minutes
ID_1825,34minutes
ID_1501,35minutes
ID_2031,31minutes
ID_52,41minutes
ID_626,34minutes
ID_1470,52minutes
ID_245,33minutes
ID_473,33minutes
ID_213,36minutes
ID_599,35minutes
ID_2069,35minutes
ID_838,36minutes
ID_275,30minutes
ID_1270,44minutes
ID_2226,57minutes
ID_1647,30minutes
ID_778,30minutes
ID_456,33minutes
ID_1879,31minutes
ID_1953,40minutes
ID_1286,30minutes
ID_1343,31minutes
ID_602,33minutes
ID_586,37minutes
ID_1108,30minutes
ID_1687,42minutes
ID_1530,41minutes
ID_2219,36minutes
ID_1195,45minutes
ID_2133,33minutes
ID_471,51minutes
ID_955,31minutes
ID_1467,30minutes
ID_1712,37minutes
ID_282,36minutes
ID_2292,30minutes
ID_1954,31minutes
ID_321,30minutes
ID_1621,53minutes
ID_685,39minutes
ID_1122,30minutes
ID_995,33minutes
ID_1431,43minutes
ID_680,33minutes
ID_337,45minutes
ID_243,40minutes
ID_2130,33minutes
ID_1886,36minutes
ID_815,38minutes
ID_474,31minutes
ID_130,47minutes
ID_548,34minutes
ID_246,30minutes
ID_834,30minutes
ID_2378,30minutes
ID_1082,38minutes
ID_260,31minutes
ID_1640,31minutes
ID_1087,30minutes
ID_1197,31minutes
ID_1799,30minutes
ID_2137,41minutes
ID_376,30minutes
ID_1345,38minutes
ID_401,42minutes
ID_1336,41minutes
ID_304,38minutes
ID_2038,37minutes
ID_772,46minutes
ID_518,48minutes
ID_2040,31minutes
ID_2012,35minutes
ID_1374,42minutes
ID_1335,31minutes
ID_1705,49minutes
ID_1134,43minutes
ID_452,41minutes
ID_79,42minutes
ID_1475,39minutes
ID_875,44minutes
ID_635,53minutes
ID_266,42minutes
ID_512,34minutes
ID_1247,30minutes
ID_1760,36minutes
ID_1506,34minutes
ID_1003,36minutes
ID_1626,43minutes
ID_1990,36minutes
ID_443,34minutes
ID_581,40minutes
ID_1423,30minutes
ID_228,30minutes
ID_1926,30minutes
ID_1945,31minutes
ID_1715,40minutes
ID_1194,30minutes
ID_1558,31minutes
ID_1891,45minutes
ID_1148,34minutes
ID_1528,51minutes
ID_1121,42minutes
ID_331,38minutes
ID_1010,43minutes
ID_349,30minutes
ID_1413,31minutes
ID_1144,39minutes
ID_1828,39minutes
ID_1018,44minutes
ID_1182,33minutes
ID_742,31minutes
ID_1031,35minutes
ID_2029,40minutes
ID_2275,52minutes
ID_1258,30minutes
ID_1997,41minutes
ID_146,44minutes
ID_991,31minutes
ID_2054,31minutes
ID_1033,46minutes
ID_1401,30minutes
ID_1152,31minutes
ID_223,36minutes
ID_604,34minutes
ID_2180,33minutes
ID_2072,34minutes
ID_1007,30minutes
ID_347,31minutes
ID_952,52minutes
ID_1916,33minutes
ID_309,51minutes
ID_2182,34minutes
ID_2382,47minutes
ID_467,44minutes
ID_768,30minutes
ID_1620,33minutes
ID_886,46minutes
ID_1406,30minutes
ID_352,102minutes
ID_1664,47minutes
ID_1423,33minutes
ID_716,33minutes
ID_1200,30minutes
ID_2173,44minutes
ID_458,30minutes
ID_1702,36minutes
ID_1175,55minutes
ID_2004,36minutes
ID_1667,30minutes
ID_2270,46minutes
ID_2227,35minutes
ID_70,31minutes
ID_1333,30minutes
ID_1336,55minutes
ID_919,31minutes
ID_1368,35minutes
ID_618,41minutes
ID_2006,37minutes
ID_1446,33minutes
ID_1672,31minutes
ID_19,37minutes
ID_1873,39minutes
ID_514,34minutes
ID_72,43minutes
ID_62,52minutes
ID_2229,35minutes
ID_2199,33minutes
ID_2165,36minutes
ID_1486,43minutes
ID_936,30minutes
ID_147,31minutes
ID_643,36minutes
ID_1492,44minutes
ID_285,31minutes
ID_877,34minutes
ID_526,33minutes
ID_1856,47minutes
ID_1157,47minutes
ID_1353,30minutes
ID_1890,37minutes
ID_2035,40minutes
ID_433,36minutes
ID_1523,36minutes
ID_1597,31minutes
ID_2056,35minutes
ID_2300,74minutes
ID_1376,40minutes
ID_976,37minutes
ID_2299,31minutes
ID_399,30minutes
ID_1408,45minutes
ID_1526,56minutes
ID_1901,31minutes
ID_319,34minutes
ID_2028,34minutes
ID_441,51minutes
ID_2384,31minutes
ID_2119,42minutes
ID_1747,30minutes
ID_286,33minutes
ID_1477,35minutes
ID_713,43minutes
ID_2260,35minutes
ID_1502,30minutes
ID_860,30minutes
ID_1330,31minutes
ID_720,33minutes
ID_1405,44minutes
ID_1635,30minutes
ID_2265,44minutes
ID_1850,30minutes
ID_2259,31minutes
ID_1533,34minutes
ID_857,33minutes
ID_1227,42minutes
ID_30,54minutes
ID_1297,30minutes
ID_1499,31minutes
ID_956,30minutes
ID_1220,36minutes
ID_186,63minutes
ID_2388,33minutes
ID_663,44minutes
ID_1647,30minutes
ID_411,37minutes
ID_155,36minutes
ID_1498,35minutes
ID_2171,35minutes
ID_1080,39minutes
ID_622,49minutes
ID_1364,30minutes
ID_2204,64minutes
ID_896,30minutes
ID_2200,34minutes
ID_705,42minutes
ID_1632,34minutes
ID_156,31minutes
ID_1201,51minutes
ID_1266,30minutes
ID_2093,44minutes
ID_21,56minutes
ID_1686,41minutes
ID_2215,45minutes
ID_1890,37minutes
ID_1848,31minutes
ID_409,43minutes
ID_403,30minutes
ID_568,47minutes
ID_372,47minutes
ID_1885,39minutes
ID_1290,48minutes
ID_1894,34minutes
ID_408,36minutes
ID_224,37minutes
ID_2245,30minutes
ID_1718,31minutes
ID_330,43minutes
ID_2241,36minutes
ID_2387,33minutes
ID_1935,54minutes
ID_1317,30minutes
ID_793,34minutes
ID_437,34minutes
ID_1934,33minutes
ID_769,50minutes
ID_2152,49minutes
ID_1987,43minutes
ID_70,39minutes
ID_895,46minutes
ID_871,30minutes
ID_1160,33minutes
ID_840,41minutes
ID_1656,30minutes
ID_611,53minutes
ID_660,48minutes
ID_183,44minutes
ID_504,43minutes
ID_262,34minutes
ID_149,59minutes
ID_533,33minutes
ID_2322,41minutes
ID_249,33minutes
ID_2280,33minutes
ID_1364,50minutes
ID_1609,56minutes
ID_710,45minutes
ID_125,31minutes
ID_1379,36minutes
ID_1543,31minutes
ID_2122,36minutes
ID_2086,31minutes
ID_1948,33minutes
ID_1514,33minutes
ID_2218,45minutes
ID_1570,30minutes
ID_350,48minutes
ID_44,35minutes
ID_2359,37minutes
ID_2233,38minutes
ID_1252,30minutes
ID_480,44minutes
ID_1509,30minutes
ID_2020,54minutes
ID_2323,36minutes
ID_1910,37minutes
ID_641,46minutes
ID_2400,30minutes
ID_1352,40minutes
ID_1023,37minutes
ID_1423,33minutes
ID_1348,30minutes
ID_2094,31minutes
ID_951,33minutes
ID_2067,35minutes
ID_1737,31minutes
ID_1801,35minutes
ID_2367,31minutes
ID_323,40minutes
ID_1305,30minutes
ID_1655,40minutes
ID_1902,31minutes
ID_2015,46minutes
ID_2196,48minutes
ID_1937,31minutes
ID_1735,43minutes
ID_172,38minutes
ID_456,38minutes
ID_1075,40minutes
ID_1034,39minutes
ID_2151,33minutes
ID_1966,44minutes
ID_853,37minutes
ID_534,33minutes
ID_117,31minutes
ID_2389,42minutes
ID_819,41minutes
ID_981,40minutes
ID_378,39minutes
ID_1287,37minutes
ID_135,34minutes
ID_2286,38minutes
ID_873,41minutes
ID_25,36minutes
ID_899,40minutes
ID_1391,33minutes
ID_1242,33minutes
ID_2364,30minutes
ID_679,31minutes
ID_2298,30minutes
ID_470,41minutes
ID_12,43minutes
ID_129,57minutes
ID_1457,35minutes
ID_582,31minutes
ID_2247,39minutes
ID_1817,38minutes
ID_1700,59minutes
ID_2291,34minutes
ID_1991,31minutes
ID_2081,31minutes
ID_1382,48minutes
ID_1591,30minutes
ID_2390,30minutes
ID_682,31minutes
ID_1150,31minutes
ID_914,33minutes
ID_2006,43minutes
ID_1539,30minutes
ID_1295,38minutes
ID_255,40minutes
ID_442,46minutes
ID_1912,39minutes
ID_646,40minutes
ID_966,33minutes
ID_1491,37minutes
ID_2032,36minutes
ID_1261,49minutes
ID_312,34minutes
ID_67,30minutes
ID_1430,37minutes
ID_1097,33minutes
ID_1963,40minutes
ID_2185,29minutes
ID_745,30minutes
ID_7,44minutes
ID_405,31minutes
ID_1846,48minutes
ID_1407,42minutes
ID_1009,35minutes
ID_36,30minutes
ID_741,41minutes
ID_1330,31minutes
ID_572,47minutes
ID_2174,35minutes
ID_82,39minutes
ID_614,43minutes
ID_1238,40minutes
ID_47,46minutes
ID_48,40minutes
ID_1381,30minutes
ID_260,31minutes
ID_94,45minutes
ID_752,54minutes
ID_1860,39minutes
ID_516,37minutes
ID_432,48minutes
ID_1923,31minutes
ID_1190,30minutes
ID_1478,37minutes
ID_1394,39minutes
ID_1362,30minutes
ID_1034,39minutes
ID_753,30minutes
ID_1459,33minutes
ID_2348,59minutes
ID_306,61minutes
ID_1281,39minutes
ID_719,41minutes
ID_280,47minutes
ID_1441,30minutes
ID_2263,36minutes
ID_1578,55minutes
ID_0,54minutes
ID_73,47minutes
ID_985,40minutes
ID_208,31minutes
ID_1792,30minutes
ID_231,33minutes
ID_1105,39minutes
ID_1824,40minutes
ID_1384,53minutes
ID_416,46minutes
ID_800,31minutes
ID_2144,38minutes
ID_1513,30minutes
ID_541,43minutes
ID_87,31minutes
ID_1899,36minutes
ID_341,47minutes
ID_302,33minutes
ID_2162,34minutes
ID_1249,30minutes
ID_503,40minutes
ID_1154,33minutes
ID_1972,40minutes
ID_1777,46minutes
ID_69,31minutes
ID_1446,33minutes
ID_676,43minutes
ID_1067,35minutes
ID_2393,33minutes
ID_1728,36minutes
ID_571,45minutes
ID_2317,34minutes
ID_340,40minutes
ID_247,31minutes
ID_591,40minutes
ID_1665,31minutes
ID_1943,35minutes
ID_354,47minutes
ID_2096,38minutes
ID_1814,38minutes
ID_181,33minutes
ID_95,31minutes
ID_1451,36minutes
ID_786,46minutes
ID_465,36minutes
ID_2334,42minutes
ID_397,43minutes
ID_157,44minutes
ID_1548,35minutes
ID_1556,51minutes
ID_1925,31minutes
ID_1768,35minutes
ID_2394,40minutes
ID_1889,44minutes
ID_606,30minutes
ID_85,44minutes
ID_470,39minutes
ID_1316,30minutes
ID_928,40minutes
ID_657,35minutes
ID_1012,31minutes
ID_2095,41minutes
ID_1690,31minutes
ID_1722,34minutes
ID_98,42minutes
ID_687,41minutes
ID_552,47minutes
ID_451,37minutes
ID_2101,36minutes
ID_2084,41minutes
ID_1463,40minutes
ID_1909,39minutes
ID_1841,35minutes
ID_1434,30minutes
ID_153,38minutes
ID_1832,30minutes
ID_2003,41minutes
ID_1731,31minutes
ID_1188,38minutes
ID_1314,50minutes
ID_600,39minutes
ID_610,49minutes
ID_1884,31minutes
ID_1823,43minutes
ID_40,39minutes
ID_1694,31minutes
ID_1734,37minutes
ID_1741,40minutes
ID_2143,30minutes
ID_1175,48minutes
ID_1878,31minutes
ID_1215,39minutes
ID_1910,39minutes
ID_1783,31minutes
ID_6,37minutes
ID_1265,31minutes
ID_1584,36minutes
ID_493,50minutes
ID_1032,35minutes
ID_1903,35minutes
ID_1428,40minutes
ID_2116,33minutes
ID_318,30minutes
ID_2198,46minutes
ID_1628,33minutes
ID_2349,46minutes
ID_328,33minutes
ID_1196,34minutes
ID_491,33minutes
ID_2317,34minutes
ID_1737,48minutes
ID_990,46minutes
ID_1060,31minutes
ID_1491,49minutes
ID_1697,47minutes
ID_1259,33minutes
ID_1487,33minutes
ID_455,30minutes
ID_314,30minutes
ID_2338,30minutes
ID_670,55minutes
ID_776,34minutes
ID_1026,43minutes
ID_669,41minutes
ID_40,30minutes
ID_684,30minutes
ID_549,40minutes
ID_476,39minutes
ID_973,44minutes
ID_877,41minutes
ID_202,33minutes
ID_1002,38minutes
ID_2202,36minutes
ID_230,42minutes
ID_456,48minutes
ID_1983,31minutes
ID_58,39minutes
ID_1713,48minutes
ID_1128,33minutes
ID_1815,31minutes
ID_2320,30minutes
ID_200,36minutes
ID_165,36minutes
ID_2398,55minutes
ID_690,53minutes
ID_2026,36minutes
ID_598,34minutes
ID_490,52minutes
ID_990,48minutes
ID_1830,32minutes
ID_1544,38minutes
ID_2163,53minutes
ID_2339,33minutes
ID_1356,54minutes
ID_1098,39minutes
ID_1294,33minutes
ID_1674,37minutes
ID_867,31minutes
ID_1017,33minutes
ID_1393,47minutes
ID_33,33minutes
ID_1724,30minutes
ID_971,30minutes
ID_1126,40minutes
ID_2386,39minutes
ID_893,47minutes
ID_701,51minutes
ID_808,44minutes
ID_2239,48minutes
ID_1527,30minutes
ID_1015,31minutes
ID_1980,35minutes
ID_1507,31minutes
ID_659,33minutes
ID_2352,35minutes
ID_829,50minutes
ID_326,34minutes
ID_430,34minutes
ID_1292,37minutes
ID_2347,30minutes
ID_1643,28minutes
ID_711,41minutes
ID_204,30minutes
ID_1964,33minutes
ID_921,31minutes
ID_1085,46minutes
ID_1483,30minutes
ID_11,46minutes
ID_795,44minutes
ID_689,34minutes
ID_576,43minutes
ID_2,47minutes
ID_721,31minutes
ID_2031,31minutes
ID_1644,37minutes
ID_2094,43minutes
ID_1951,31minutes
ID_689,31minutes
ID_891,43minutes
ID_546,33minutes
ID_14,37minutes
ID_932,39minutes
ID_1425,30minutes
ID_1790,31minutes
ID_1161,42minutes
ID_1633,39minutes
ID_104,98minutes
ID_1094,30minutes
ID_583,33minutes
ID_909,47minutes
ID_380,34minutes
ID_716,55minutes
ID_1329,33minutes
ID_864,42minutes
ID_1719,31minutes
ID_837,31minutes
ID_2358,31minutes
ID_1557,48minutes
ID_1426,34minutes
ID_672,41minutes
ID_1804,30minutes
ID_832,30minutes
ID_1576,51minutes
ID_944,52minutes
ID_31,33minutes
ID_714,49minutes
ID_911,47minutes
ID_1933,40minutes
ID_2021,33minutes
ID_2279,33minutes
ID_943,45minutes
ID_1773,43minutes
ID_81,43minutes
ID_448,30minutes
ID_487,37minutes
ID_1780,31minutes
ID_2130,49minutes
ID_221,31minutes
ID_359,45minutes
ID_1992,44minutes
ID_1272,36minutes
ID_481,34minutes
ID_1418,31minutes
ID_887,30minutes
ID_2223,30minutes
ID_2220,30minutes
ID_180,33minutes
ID_1110,30minutes
ID_924,38minutes
ID_1264,42minutes
ID_81,36minutes
ID_631,46minutes
ID_1138,31minutes
ID_773,30minutes
ID_160,63minutes
ID_446,30minutes
ID_999,31minutes
ID_74,50minutes
ID_2163,51minutes
ID_1321,45minutes
ID_727,38minutes
ID_1985,46minutes
ID_674,36minutes
ID_1743,31minutes
ID_256,42minutes
ID_2228,36minutes
ID_91,58minutes
ID_207,42minutes
ID_301,33minutes
ID_2355,31minutes
ID_393,47minutes
ID_709,45minutes
ID_1423,33minutes
ID_1189,34minutes
ID_1307,46minutes
ID_2112,35minutes
ID_1772,39minutes
ID_774,34minutes
ID_1548,51minutes
ID_212,39minutes
ID_980,33minutes
ID_1048,34minutes
ID_2118,30minutes
ID_2240,31minutes
ID_1380,30minutes
ID_1629,42minutes
ID_1875,44minutes
ID_346,40minutes
ID_894,33minutes
ID_1663,31minutes
ID_2263,38minutes
ID_563,36minutes
ID_1631,54minutes
ID_1717,31minutes
ID_1658,44minutes
ID_1230,30minutes
ID_1624,37minutes
ID_1053,30minutes
ID_1425,30minutes
ID_755,39minutes
ID_1423,33minutes
ID_1990,44minutes
ID_2217,42minutes
ID_885,33minutes
ID_1745,41minutes
ID_388,31minutes
ID_330,43minutes
ID_1850,30minutes
ID_1312,48minutes
ID_2385,33minutes
ID_1829,30minutes
ID_1312,46minutes
ID_71,34minutes
ID_759,50minutes
ID_197,33minutes
ID_713,45minutes
ID_402,39minutes
ID_855,42minutes
ID_2002,30minutes
ID_410,42minutes
ID_1267,41minutes
ID_2070,31minutes
ID_1841,33minutes
ID_590,31minutes
ID_1782,56minutes
ID_531,45minutes
ID_874,48minutes
ID_1400,48minutes
ID_1166,48minutes
ID_2179,33minutes
ID_1027,52minutes
ID_1866,40minutes
ID_1154,31minutes
ID_1842,44minutes
ID_308,47minutes
ID_2331,31minutes
ID_2362,38minutes
ID_1104,30minutes
ID_1081,37minutes
ID_948,42minutes
ID_474,31minutes
ID_827,44minutes
ID_1689,48minutes
ID_2331,33minutes
ID_1967,38minutes
ID_1723,31minutes
ID_1681,36minutes
ID_482,30minutes
ID_1274,30minutes
ID_238,33minutes
ID_1974,35minutes
ID_2123,35minutes
ID_1006,48minutes
ID_2052,33minutes
ID_1019,43minutes
ID_1661,31minutes
ID_1987,45minutes
ID_143,42minutes
ID_1611,45minutes
ID_250,41minutes
ID_1711,44minutes
ID_2103,31minutes
ID_691,43minutes
ID_2195,41minutes
ID_1746,75minutes
ID_1025,38minutes
ID_162,31minutes
ID_733,31minutes
ID_2042,44minutes
ID_1595,42minutes
ID_1791,33minutes
ID_521,39minutes
ID_2324,35minutes
ID_1260,67minutes
ID_1046,35minutes
ID_872,39minutes
ID_1924,37minutes
ID_289,31minutes
ID_2342,30minutes
ID_960,42minutes
ID_1350,31minutes
ID_1843,40minutes
ID_652,32minutes
ID_984,57minutes
ID_206,36minutes
ID_666,39minutes
ID_1055,42minutes
ID_1930,47minutes
ID_678,33minutes
ID_1443,36minutes
ID_1497,38minutes
ID_1465,42minutes
ID_2302,30minutes
ID_153,59minutes
ID_1764,35minutes
ID_1701,42minutes
ID_1602,36minutes
ID_573,43minutes
ID_1929,31minutes
ID_1931,41minutes
ID_1384,38minutes
ID_1228,34minutes
ID_1323,30minutes
ID_1537,48minutes
ID_1702,33minutes
ID_2332,35minutes
ID_1617,35minutes
ID_1438,44minutes
ID_2170,38minutes
ID_1550,37minutes
ID_1853,31minutes
ID_888,31minutes
ID_84,33minutes
ID_1074,52minutes
ID_938,30minutes
ID_2033,39minutes
ID_454,33minutes
ID_2175,46minutes
ID_1159,30minutes
ID_584,36minutes
ID_1917,33minutes
ID_235,36minutes
ID_2383,45minutes
ID_1304,45minutes
ID_910,30minutes
ID_116,31minutes
ID_1111,31minutes
ID_4,37minutes
ID_1622,51minutes
ID_595,43minutes
ID_259,31minutes
ID_723,50minutes
ID_411,35minutes
ID_2310,35minutes
ID_1143,30minutes
ID_1409,39minutes
ID_2041,40minutes
ID_2197,30minutes
ID_695,33minutes
ID_1579,45minutes
ID_929,47minutes
ID_1320,33minutes
ID_715,38minutes
ID_2039,37minutes
ID_1613,46minutes
ID_2004,36minutes
ID_943,35minutes
ID_1134,50minutes
ID_427,30minutes
ID_633,33minutes
ID_1017,33minutes
ID_2128,34minutes
ID_1689,47minutes
ID_2284,40minutes
ID_2178,30minutes
ID_2051,30minutes
ID_1225,30minutes
ID_1101,33minutes
ID_1659,37minutes
ID_1847,41minutes
ID_1779,33minutes
ID_2304,56minutes
ID_2257,31minutes
ID_527,49minutes
ID_2129,46minutes
ID_1928,31minutes
ID_5,33minutes
ID_141,34minutes
ID_429,39minutes
ID_1113,52minutes
ID_2244,47minutes
ID_1251,44minutes
ID_1955,39minutes
ID_393,38minutes
ID_1134,39minutes
ID_1493,31minutes
ID_636,37minutes
ID_414,39minutes
ID_2208,46minutes
ID_1427,33minutes
ID_1938,35minutes
ID_823,47minutes
ID_2120,49minutes
ID_502,47minutes
ID_1971,45minutes
ID_404,38minutes
ID_488,31minutes
ID_1390,41minutes
ID_1318,33minutes
ID_513,31minutes
ID_756,36minutes
ID_1786,35minutes
ID_167,33minutes
ID_284,55minutes
ID_830,31minutes
ID_64,38minutes
ID_1298,30minutes
ID_835,55minutes
ID_693,33minutes
ID_2296,31minutes
ID_1192,40minutes
ID_578,38minutes
ID_959,31minutes
ID_2236,35minutes
ID_1651,31minutes
ID_1930,41minutes
ID_2379,31minutes
ID_1303,38minutes
ID_345,38minutes
ID_133,30minutes
ID_1440,36minutes
ID_2353,35minutes
ID_2073,33minutes
ID_1395,50minutes
ID_1091,33minutes
ID_1236,30minutes
ID_1547,30minutes
ID_2055,44minutes
ID_1226,30minutes
ID_839,33minutes
ID_2110,30minutes
ID_1698,36minutes
ID_2102,35minutes
ID_1460,30minutes
ID_1082,38minutes
ID_925,33minutes
ID_91,58minutes
ID_802,33minutes
ID_1982,46minutes
ID_456,39minutes
ID_436,30minutes
ID_567,31minutes
ID_943,35minutes
ID_2149,31minutes
ID_940,39minutes
ID_1410,30minutes
ID_1423,33minutes
ID_1821,54minutes
ID_2295,46minutes
ID_1308,37minutes
ID_1134,39minutes
ID_284,46minutes
ID_1788,37minutes
ID_1957,33minutes
ID_422,49minutes
ID_856,44minutes
ID_2290,38minutes
ID_1793,47minutes
ID_621,30minutes
ID_1231,33minutes
ID_199,44minutes
ID_638,33minutes
ID_1090,34minutes
ID_250,67minutes
ID_1347,29minutes
ID_272,38minutes
ID_329,31minutes
ID_879,33minutes
ID_1125,33minutes
ID_253,39minutes
ID_300,57minutes
ID_342,48minutes
ID_653,35minutes
ID_377,45minutes
ID_1645,38minutes
ID_954,48minutes
ID_2193,59minutes
ID_226,47minutes
ID_766,42minutes
ID_1245,30minutes
ID_1789,30minutes
ID_184,40minutes
ID_1697,41minutes
ID_2258,33minutes
ID_869,30minutes
ID_1186,46minutes
ID_335,30minutes
ID_1342,43minutes
ID_1133,37minutes
ID_1086,33minutes
ID_2148,45minutes
ID_628,43minutes
ID_413,36minutes
ID_317,46minutes
ID_205,44minutes
ID_389,47minutes
ID_426,46minutes
ID_360,30minutes
ID_1662,30minutes
ID_1922,41minutes
ID_1099,40minutes
ID_103,68minutes
ID_1214,45minutes
ID_926,33minutes
ID_2244,36minutes
ID_153,44minutes
ID_2231,57minutes
ID_1596,31minutes
ID_92,30minutes
ID_2344,41minutes
ID_1146,51minutes
ID_944,33minutes
ID_296,36minutes
ID_553,42minutes
ID_1797,31minutes
ID_2287,38minutes
ID_1630,35minutes
ID_201,31minutes
ID_1568,35minutes
ID_112,30minutes
ID_1504,39minutes
ID_398,30minutes
ID_227,42minutes
ID_427,30minutes
ID_390,34minutes
ID_1864,31minutes
ID_2211,34minutes
ID_39,34minutes
ID_373,31minutes
ID_1268,31minutes
ID_303,38minutes
ID_1598,39minutes
ID_440,34minutes
ID_2271,42minutes
ID_198,41minutes
ID_2312,44minutes
ID_916,50minutes
ID_605,31minutes
ID_681,33minutes
ID_1289,33minutes
ID_1450,42minutes
ID_80,44minutes
ID_755,46minutes
ID_2294,31minutes
ID_979,38minutes
ID_1400,43minutes
ID_2205,41minutes
ID_1864,31minutes
ID_807,49minutes
ID_1043,43minutes
ID_964,30minutes
ID_509,46minutes
ID_1517,42minutes
ID_1800,42minutes
ID_409,38minutes
ID_781,34minutes
ID_379,33minutes
ID_603,51minutes
ID_1035,39minutes
ID_757,33minutes
ID_1571,43minutes
ID_279,37minutes
ID_1076,34minutes
ID_1396,33minutes
ID_34,51minutes
ID_627,36minutes
ID_2147,36minutes
ID_1729,51minutes
ID_233,33minutes
ID_836,46minutes
ID_374,30minutes
ID_37,30minutes
ID_1944,33minutes
ID_1653,36minutes
ID_1969,36minutes
ID_1818,44minutes
ID_222,40minutes
ID_1141,54minutes
ID_2330,31minutes
ID_1130,40minutes
ID_1334,33minutes
ID_214,33minutes
ID_361,34minutes
ID_483,33minutes
ID_426,37minutes
ID_2048,33minutes
ID_371,46minutes
ID_1858,33minutes
ID_1996,33minutes
ID_665,33minutes
ID_876,31minutes
ID_987,33minutes
ID_1220,30minutes
ID_703,36minutes
ID_241,33minutes
ID_252,45minutes
ID_1084,30minutes
ID_2288,34minutes
ID_2310,35minutes
ID_150,30minutes
ID_1705,49minutes
ID_1510,41minutes
ID_368,38minutes
ID_549,36minutes
ID_24,44minutes
ID_232,34minutes
ID_1714,32minutes
ID_1826,30minutes
ID_2201,33minutes
ID_978,36minutes
ID_1836,38minutes
ID_790,30minutes
ID_277,37minutes
ID_2094,28minutes
ID_1615,45minutes
ID_1255,52minutes
ID_750,40minutes
ID_2276,33minutes
ID_508,41minutes
ID_1319,48minutes
ID_194,47minutes
ID_782,38minutes
ID_579,40minutes
ID_861,38minutes
ID_1607,37minutes
ID_926,30minutes
ID_947,31minutes
ID_177,59minutes
ID_1482,31minutes
ID_1030,44minutes
ID_1001,38minutes
ID_138,40minutes
ID_520,39minutes
ID_1448,46minutes
ID_1838,38minutes
ID_574,37minutes
ID_1224,30minutes
ID_1845,45minutes
ID_561,45minutes
ID_704,34minutes
ID_557,33minutes
ID_190,41minutes
ID_945,30minutes
ID_904,55minutes
ID_1384,59minutes
ID_1480,30minutes
ID_1253,30minutes
ID_1088,50minutes
ID_1211,33minutes
ID_1093,51minutes
ID_911,48minutes
ID_957,51minutes
ID_2210,56minutes
ID_1725,42minutes
ID_16,40minutes
ID_2031,33minutes
ID_76,42minutes
ID_2077,31minutes
ID_1961,38minutes
ID_1852,44minutes
ID_1813,33minutes
ID_392,44minutes
ID_1557,53minutes
ID_175,31minutes
ID_20,31minutes
ID_753,30minutes
ID_907,46minutes
ID_758,47minutes
ID_986,35minutes
ID_1153,33minutes
ID_501,43minutes
ID_707,51minutes
ID_592,38minutes
ID_696,33minutes
ID_1838,41minutes
ID_543,31minutes
ID_2214,49minutes
ID_1357,34minutes
ID_1822,36minutes
ID_1720,45minutes
ID_1673,35minutes
ID_1509,30minutes
ID_651,41minutes
ID_429,38minutes
ID_110,33minutes
ID_882,38minutes
ID_988,31minutes
ID_2254,54minutes
ID_164,33minutes
ID_89,33minutes
ID_803,30minutes
ID_1776,43minutes
ID_1373,30minutes
ID_2025,48minutes
ID_1490,42minutes
ID_2027,43minutes
ID_85,40minutes
ID_2057,30minutes
ID_498,89minutes
ID_145,36minutes
ID_1485,39minutes
ID_804,43minutes
ID_849,30minutes
ID_2292,33minutes
ID_697,33minutes
ID_1064,30minutes
ID_2131,31minutes
ID_1468,33minutes
ID_545,45minutes
ID_878,31minutes
ID_1850,38minutes
ID_939,40minutes
ID_1412,30minutes
ID_796,40minutes
ID_1778,37minutes
ID_1191,38minutes
ID_1678,31minutes
ID_866,40minutes
ID_1811,37minutes
ID_717,44minutes
ID_712,36minutes
ID_1024,38minutes
ID_88,44minutes
ID_523,41minutes
ID_862,40minutes
ID_2241,33minutes
ID_1288,37minutes
ID_210,34minutes
ID_942,33minutes
ID_1303,56minutes
ID_632,30minutes
ID_313,34minutes
ID_2098,31minutes
ID_2331,29minutes
ID_337,45minutes
ID_735,45minutes
ID_1011,33minutes
ID_1261,44minutes
ID_1240,30minutes
ID_431,55minutes
ID_1703,31minutes
ID_547,31minutes
ID_1184,30minutes
ID_1370,46minutes
ID_724,39minutes
ID_2017,34minutes
ID_1202,42minutes
ID_1059,45minutes
ID_1054,30minutes
ID_238,33minutes
ID_2283,35minutes
ID_185,54minutes
ID_944,57minutes
ID_182,31minutes
ID_1310,30minutes
ID_1363,36minutes
ID_2145,37minutes
ID_1750,31minutes
ID_1538,31minutes
ID_1546,56minutes
ID_620,31minutes
ID_1952,31minutes
ID_105,34minutes
ID_253,39minutes
ID_121,39minutes
ID_15,54minutes
ID_1461,49minutes
ID_1048,36minutes
ID_2380,36minutes
ID_772,46minutes
ID_1682,31minutes
ID_2321,30minutes
ID_1905,41minutes
ID_453,45minutes
ID_195,48minutes
